{
    "Player": [
        {
            "puuid": "player-1000",
            "gameName": "Player1",
            "tagLine": "NA1",
            "lastLP": 18,
            "gamePlayed": 5
        },
        {
            "puuid": "player-1001",
            "gameName": "Player2",
            "tagLine": "NA2",
            "lastLP": 100,
            "gamePlayed": 5
        },
        {
            "puuid": "player-1002",
            "gameName": "Player3",
            "tagLine": "NA3",
            "lastLP": 101,
            "gamePlayed": 5
        },
        {
            "puuid": "player-1003",
            "gameName": "Player4",
            "tagLine": "NA4",
            "lastLP": 95,
            "gamePlayed": 5
        },
        {
            "puuid": "player-1004",
            "gameName": "Player5",
            "tagLine": "NA5",
            "lastLP": 200,
            "gamePlayed": 5
        }
    ],
    "Champion": {
        "champ-15",
        "champ-10",
        "champ-16",
        "champ-9",
        "champ-11",
        "champ-5",
        "champ-2",
        "champ-3",
        "champ-13",
        "champ-20",
        "champ-6",
        "champ-17",
        "champ-4",
        "champ-12",
        "champ-1",
        "champ-7",
        "champ-8",
        "champ-14",
        "champ-19",
        "champ-18"
    },
    "Match": [
        {
            "MatchID": "2fe1defb-b3bf-4de2-8b36-2134cc86c25a",
            "gameLength": 29.78,
            "endDatetime": "2024-05-01 12:00:00"
        },
        {
            "MatchID": "a466226e-012e-429b-8b58-68adc7d97a27",
            "gameLength": 39.05,
            "endDatetime": "2024-05-02 12:00:00"
        },
        {
            "MatchID": "653f7020-dfb0-4d26-af02-88eec76cc8b2",
            "gameLength": 38.95,
            "endDatetime": "2024-05-03 12:00:00"
        },
        {
            "MatchID": "15bccc5a-3b1b-4169-9c41-d4b4c6bfb870",
            "gameLength": 37.73,
            "endDatetime": "2024-05-04 12:00:00"
        },
        {
            "MatchID": "537e57fc-ce2a-4c56-8d71-ef1353a45575",
            "gameLength": 31.81,
            "endDatetime": "2024-05-05 12:00:00"
        },
        {
            "MatchID": "b49b0f03-489d-460f-93d9-0d395f958fa9",
            "gameLength": 31.37,
            "endDatetime": "2024-05-06 12:00:00"
        },
        {
            "MatchID": "25e6cde0-4590-474d-bbab-e2c96f0baccd",
            "gameLength": 28.98,
            "endDatetime": "2024-05-07 12:00:00"
        },
        {
            "MatchID": "befdb6d0-0a1f-4ee4-8b1d-9a680ea27294",
            "gameLength": 26.97,
            "endDatetime": "2024-05-08 12:00:00"
        },
        {
            "MatchID": "693aa15d-3676-4551-a294-95836e3bc18b",
            "gameLength": 35.46,
            "endDatetime": "2024-05-09 12:00:00"
        },
        {
            "MatchID": "ae23275d-f0d3-4316-8c24-7b4f4c56db24",
            "gameLength": 33.14,
            "endDatetime": "2024-05-10 12:00:00"
        },
        {
            "MatchID": "9877db3c-78fd-4324-9071-6703c92f133a",
            "gameLength": 28.27,
            "endDatetime": "2024-05-11 12:00:00"
        },
        {
            "MatchID": "9de54304-b8aa-46f4-9a78-360f9842fb1e",
            "gameLength": 33.14,
            "endDatetime": "2024-05-12 12:00:00"
        },
        {
            "MatchID": "14cd5a64-8c44-46d6-8779-3a7059e1b670",
            "gameLength": 31.48,
            "endDatetime": "2024-05-13 12:00:00"
        },
        {
            "MatchID": "9fc67d89-4b86-4fde-b8ac-d4e078cb7c89",
            "gameLength": 27.71,
            "endDatetime": "2024-05-14 12:00:00"
        },
        {
            "MatchID": "4a7d9eef-1437-402d-bd3b-cd33db1f0531",
            "gameLength": 39.07,
            "endDatetime": "2024-05-15 12:00:00"
        },
        {
            "MatchID": "350fe71c-6756-4be7-b084-e590633bc6fd",
            "gameLength": 34.37,
            "endDatetime": "2024-05-16 12:00:00"
        },
        {
            "MatchID": "020ba274-b0d0-481f-b074-5813d42f4ed4",
            "gameLength": 35.33,
            "endDatetime": "2024-05-17 12:00:00"
        },
        {
            "MatchID": "29962f67-1116-41ba-8abd-8f25de93103f",
            "gameLength": 34.06,
            "endDatetime": "2024-05-18 12:00:00"
        },
        {
            "MatchID": "92365506-f23d-4d39-a073-a94b5a5eb520",
            "gameLength": 36.21,
            "endDatetime": "2024-05-19 12:00:00"
        },
        {
            "MatchID": "eb5f018c-8145-4706-b6af-5cefc94c90a5",
            "gameLength": 25.91,
            "endDatetime": "2024-05-20 12:00:00"
        },
        {
            "MatchID": "0f473d0b-4644-4149-8cbd-adf91b1af041",
            "gameLength": 39.66,
            "endDatetime": "2024-05-21 12:00:00"
        },
        {
            "MatchID": "fe6fe513-92d9-4e2a-91cb-b7ff1dd02393",
            "gameLength": 39.06,
            "endDatetime": "2024-05-22 12:00:00"
        },
        {
            "MatchID": "7e5d81ec-25fb-4b93-9737-258d5187592c",
            "gameLength": 38.45,
            "endDatetime": "2024-05-23 12:00:00"
        },
        {
            "MatchID": "766bac81-e9b9-44c9-ab79-9647ce8fa391",
            "gameLength": 33.99,
            "endDatetime": "2024-05-24 12:00:00"
        },
        {
            "MatchID": "44ee4ace-3770-4a67-811a-cea45ead9c46",
            "gameLength": 32.97,
            "endDatetime": "2024-05-25 12:00:00"
        }
    ],
    "MatchPlayerInfo": [
        {
            "puuid": "player-1000",
            "MatchID": "2fe1defb-b3bf-4de2-8b36-2134cc86c25a",
            "placement": 6,
            "currentLP": 24
        },
        {
            "puuid": "player-1000",
            "MatchID": "a466226e-012e-429b-8b58-68adc7d97a27",
            "placement": 7,
            "currentLP": 27
        },
        {
            "puuid": "player-1000",
            "MatchID": "653f7020-dfb0-4d26-af02-88eec76cc8b2",
            "placement": 2,
            "currentLP": 4
        },
        {
            "puuid": "player-1000",
            "MatchID": "15bccc5a-3b1b-4169-9c41-d4b4c6bfb870",
            "placement": 6,
            "currentLP": 45
        },
        {
            "puuid": "player-1000",
            "MatchID": "537e57fc-ce2a-4c56-8d71-ef1353a45575",
            "placement": 7,
            "currentLP": 2
        },
        {
            "puuid": "player-1001",
            "MatchID": "b49b0f03-489d-460f-93d9-0d395f958fa9",
            "placement": 4,
            "currentLP": 130
        },
        {
            "puuid": "player-1001",
            "MatchID": "25e6cde0-4590-474d-bbab-e2c96f0baccd",
            "placement": 2,
            "currentLP": 98
        },
        {
            "puuid": "player-1001",
            "MatchID": "befdb6d0-0a1f-4ee4-8b1d-9a680ea27294",
            "placement": 8,
            "currentLP": 90
        },
        {
            "puuid": "player-1001",
            "MatchID": "693aa15d-3676-4551-a294-95836e3bc18b",
            "placement": 2,
            "currentLP": 126
        },
        {
            "puuid": "player-1001",
            "MatchID": "ae23275d-f0d3-4316-8c24-7b4f4c56db24",
            "placement": 3,
            "currentLP": 80
        },
        {
            "puuid": "player-1002",
            "MatchID": "9877db3c-78fd-4324-9071-6703c92f133a",
            "placement": 1,
            "currentLP": 101
        },
        {
            "puuid": "player-1002",
            "MatchID": "9de54304-b8aa-46f4-9a78-360f9842fb1e",
            "placement": 1,
            "currentLP": 112
        },
        {
            "puuid": "player-1002",
            "MatchID": "14cd5a64-8c44-46d6-8779-3a7059e1b670",
            "placement": 8,
            "currentLP": 108
        },
        {
            "puuid": "player-1002",
            "MatchID": "9fc67d89-4b86-4fde-b8ac-d4e078cb7c89",
            "placement": 3,
            "currentLP": 128
        },
        {
            "puuid": "player-1002",
            "MatchID": "4a7d9eef-1437-402d-bd3b-cd33db1f0531",
            "placement": 3,
            "currentLP": 84
        },
        {
            "puuid": "player-1003",
            "MatchID": "350fe71c-6756-4be7-b084-e590633bc6fd",
            "placement": 8,
            "currentLP": 101
        },
        {
            "puuid": "player-1003",
            "MatchID": "020ba274-b0d0-481f-b074-5813d42f4ed4",
            "placement": 7,
            "currentLP": 103
        },
        {
            "puuid": "player-1003",
            "MatchID": "29962f67-1116-41ba-8abd-8f25de93103f",
            "placement": 7,
            "currentLP": 100
        },
        {
            "puuid": "player-1003",
            "MatchID": "92365506-f23d-4d39-a073-a94b5a5eb520",
            "placement": 6,
            "currentLP": 87
        },
        {
            "puuid": "player-1003",
            "MatchID": "eb5f018c-8145-4706-b6af-5cefc94c90a5",
            "placement": 6,
            "currentLP": 84
        },
        {
            "puuid": "player-1004",
            "MatchID": "0f473d0b-4644-4149-8cbd-adf91b1af041",
            "placement": 4,
            "currentLP": 187
        },
        {
            "puuid": "player-1004",
            "MatchID": "fe6fe513-92d9-4e2a-91cb-b7ff1dd02393",
            "placement": 7,
            "currentLP": 221
        },
        {
            "puuid": "player-1004",
            "MatchID": "7e5d81ec-25fb-4b93-9737-258d5187592c",
            "placement": 7,
            "currentLP": 224
        },
        {
            "puuid": "player-1004",
            "MatchID": "766bac81-e9b9-44c9-ab79-9647ce8fa391",
            "placement": 2,
            "currentLP": 200
        },
        {
            "puuid": "player-1004",
            "MatchID": "44ee4ace-3770-4a67-811a-cea45ead9c46",
            "placement": 8,
            "currentLP": 224
        }
    ],
    "MatchPlayerChampionInfo": [
        {
            "puuid": "player-1000",
            "MatchID": "2fe1defb-b3bf-4de2-8b36-2134cc86c25a",
            "ChampionID": "champ-6",
            "quantity": 2
        },
        {
            "puuid": "player-1000",
            "MatchID": "2fe1defb-b3bf-4de2-8b36-2134cc86c25a",
            "ChampionID": "champ-4",
            "quantity": 1
        },
        {
            "puuid": "player-1000",
            "MatchID": "2fe1defb-b3bf-4de2-8b36-2134cc86c25a",
            "ChampionID": "champ-15",
            "quantity": 3
        },
        {
            "puuid": "player-1000",
            "MatchID": "2fe1defb-b3bf-4de2-8b36-2134cc86c25a",
            "ChampionID": "champ-10",
            "quantity": 2
        },
        {
            "puuid": "player-1000",
            "MatchID": "2fe1defb-b3bf-4de2-8b36-2134cc86c25a",
            "ChampionID": "champ-14",
            "quantity": 3
        },
        {
            "puuid": "player-1000",
            "MatchID": "a466226e-012e-429b-8b58-68adc7d97a27",
            "ChampionID": "champ-18",
            "quantity": 2
        },
        {
            "puuid": "player-1000",
            "MatchID": "a466226e-012e-429b-8b58-68adc7d97a27",
            "ChampionID": "champ-2",
            "quantity": 2
        },
        {
            "puuid": "player-1000",
            "MatchID": "a466226e-012e-429b-8b58-68adc7d97a27",
            "ChampionID": "champ-12",
            "quantity": 3
        },
        {
            "puuid": "player-1000",
            "MatchID": "a466226e-012e-429b-8b58-68adc7d97a27",
            "ChampionID": "champ-4",
            "quantity": 3
        },
        {
            "puuid": "player-1000",
            "MatchID": "a466226e-012e-429b-8b58-68adc7d97a27",
            "ChampionID": "champ-5",
            "quantity": 1
        },
        {
            "puuid": "player-1000",
            "MatchID": "653f7020-dfb0-4d26-af02-88eec76cc8b2",
            "ChampionID": "champ-19",
            "quantity": 3
        },
        {
            "puuid": "player-1000",
            "MatchID": "653f7020-dfb0-4d26-af02-88eec76cc8b2",
            "ChampionID": "champ-10",
            "quantity": 1
        },
        {
            "puuid": "player-1000",
            "MatchID": "653f7020-dfb0-4d26-af02-88eec76cc8b2",
            "ChampionID": "champ-11",
            "quantity": 2
        },
        {
            "puuid": "player-1000",
            "MatchID": "653f7020-dfb0-4d26-af02-88eec76cc8b2",
            "ChampionID": "champ-16",
            "quantity": 1
        },
        {
            "puuid": "player-1000",
            "MatchID": "653f7020-dfb0-4d26-af02-88eec76cc8b2",
            "ChampionID": "champ-12",
            "quantity": 1
        },
        {
            "puuid": "player-1000",
            "MatchID": "15bccc5a-3b1b-4169-9c41-d4b4c6bfb870",
            "ChampionID": "champ-15",
            "quantity": 2
        },
        {
            "puuid": "player-1000",
            "MatchID": "15bccc5a-3b1b-4169-9c41-d4b4c6bfb870",
            "ChampionID": "champ-9",
            "quantity": 2
        },
        {
            "puuid": "player-1000",
            "MatchID": "15bccc5a-3b1b-4169-9c41-d4b4c6bfb870",
            "ChampionID": "champ-4",
            "quantity": 3
        },
        {
            "puuid": "player-1000",
            "MatchID": "15bccc5a-3b1b-4169-9c41-d4b4c6bfb870",
            "ChampionID": "champ-10",
            "quantity": 2
        },
        {
            "puuid": "player-1000",
            "MatchID": "15bccc5a-3b1b-4169-9c41-d4b4c6bfb870",
            "ChampionID": "champ-16",
            "quantity": 2
        },
        {
            "puuid": "player-1000",
            "MatchID": "537e57fc-ce2a-4c56-8d71-ef1353a45575",
            "ChampionID": "champ-12",
            "quantity": 3
        },
        {
            "puuid": "player-1000",
            "MatchID": "537e57fc-ce2a-4c56-8d71-ef1353a45575",
            "ChampionID": "champ-6",
            "quantity": 2
        },
        {
            "puuid": "player-1000",
            "MatchID": "537e57fc-ce2a-4c56-8d71-ef1353a45575",
            "ChampionID": "champ-7",
            "quantity": 2
        },
        {
            "puuid": "player-1000",
            "MatchID": "537e57fc-ce2a-4c56-8d71-ef1353a45575",
            "ChampionID": "champ-16",
            "quantity": 3
        },
        {
            "puuid": "player-1000",
            "MatchID": "537e57fc-ce2a-4c56-8d71-ef1353a45575",
            "ChampionID": "champ-18",
            "quantity": 1
        },
        {
            "puuid": "player-1001",
            "MatchID": "b49b0f03-489d-460f-93d9-0d395f958fa9",
            "ChampionID": "champ-3",
            "quantity": 3
        },
        {
            "puuid": "player-1001",
            "MatchID": "b49b0f03-489d-460f-93d9-0d395f958fa9",
            "ChampionID": "champ-6",
            "quantity": 1
        },
        {
            "puuid": "player-1001",
            "MatchID": "b49b0f03-489d-460f-93d9-0d395f958fa9",
            "ChampionID": "champ-12",
            "quantity": 2
        },
        {
            "puuid": "player-1001",
            "MatchID": "b49b0f03-489d-460f-93d9-0d395f958fa9",
            "ChampionID": "champ-4",
            "quantity": 1
        },
        {
            "puuid": "player-1001",
            "MatchID": "b49b0f03-489d-460f-93d9-0d395f958fa9",
            "ChampionID": "champ-16",
            "quantity": 2
        },
        {
            "puuid": "player-1001",
            "MatchID": "25e6cde0-4590-474d-bbab-e2c96f0baccd",
            "ChampionID": "champ-15",
            "quantity": 3
        },
        {
            "puuid": "player-1001",
            "MatchID": "25e6cde0-4590-474d-bbab-e2c96f0baccd",
            "ChampionID": "champ-5",
            "quantity": 1
        },
        {
            "puuid": "player-1001",
            "MatchID": "25e6cde0-4590-474d-bbab-e2c96f0baccd",
            "ChampionID": "champ-1",
            "quantity": 3
        },
        {
            "puuid": "player-1001",
            "MatchID": "25e6cde0-4590-474d-bbab-e2c96f0baccd",
            "ChampionID": "champ-2",
            "quantity": 1
        },
        {
            "puuid": "player-1001",
            "MatchID": "25e6cde0-4590-474d-bbab-e2c96f0baccd",
            "ChampionID": "champ-20",
            "quantity": 2
        },
        {
            "puuid": "player-1001",
            "MatchID": "befdb6d0-0a1f-4ee4-8b1d-9a680ea27294",
            "ChampionID": "champ-1",
            "quantity": 2
        },
        {
            "puuid": "player-1001",
            "MatchID": "befdb6d0-0a1f-4ee4-8b1d-9a680ea27294",
            "ChampionID": "champ-13",
            "quantity": 2
        },
        {
            "puuid": "player-1001",
            "MatchID": "befdb6d0-0a1f-4ee4-8b1d-9a680ea27294",
            "ChampionID": "champ-15",
            "quantity": 3
        },
        {
            "puuid": "player-1001",
            "MatchID": "befdb6d0-0a1f-4ee4-8b1d-9a680ea27294",
            "ChampionID": "champ-5",
            "quantity": 3
        },
        {
            "puuid": "player-1001",
            "MatchID": "befdb6d0-0a1f-4ee4-8b1d-9a680ea27294",
            "ChampionID": "champ-9",
            "quantity": 2
        },
        {
            "puuid": "player-1001",
            "MatchID": "693aa15d-3676-4551-a294-95836e3bc18b",
            "ChampionID": "champ-16",
            "quantity": 1
        },
        {
            "puuid": "player-1001",
            "MatchID": "693aa15d-3676-4551-a294-95836e3bc18b",
            "ChampionID": "champ-11",
            "quantity": 1
        },
        {
            "puuid": "player-1001",
            "MatchID": "693aa15d-3676-4551-a294-95836e3bc18b",
            "ChampionID": "champ-5",
            "quantity": 3
        },
        {
            "puuid": "player-1001",
            "MatchID": "693aa15d-3676-4551-a294-95836e3bc18b",
            "ChampionID": "champ-4",
            "quantity": 3
        },
        {
            "puuid": "player-1001",
            "MatchID": "693aa15d-3676-4551-a294-95836e3bc18b",
            "ChampionID": "champ-6",
            "quantity": 3
        },
        {
            "puuid": "player-1001",
            "MatchID": "ae23275d-f0d3-4316-8c24-7b4f4c56db24",
            "ChampionID": "champ-16",
            "quantity": 1
        },
        {
            "puuid": "player-1001",
            "MatchID": "ae23275d-f0d3-4316-8c24-7b4f4c56db24",
            "ChampionID": "champ-5",
            "quantity": 2
        },
        {
            "puuid": "player-1001",
            "MatchID": "ae23275d-f0d3-4316-8c24-7b4f4c56db24",
            "ChampionID": "champ-20",
            "quantity": 2
        },
        {
            "puuid": "player-1001",
            "MatchID": "ae23275d-f0d3-4316-8c24-7b4f4c56db24",
            "ChampionID": "champ-17",
            "quantity": 2
        },
        {
            "puuid": "player-1001",
            "MatchID": "ae23275d-f0d3-4316-8c24-7b4f4c56db24",
            "ChampionID": "champ-19",
            "quantity": 2
        },
        {
            "puuid": "player-1002",
            "MatchID": "9877db3c-78fd-4324-9071-6703c92f133a",
            "ChampionID": "champ-13",
            "quantity": 3
        },
        {
            "puuid": "player-1002",
            "MatchID": "9877db3c-78fd-4324-9071-6703c92f133a",
            "ChampionID": "champ-16",
            "quantity": 3
        },
        {
            "puuid": "player-1002",
            "MatchID": "9877db3c-78fd-4324-9071-6703c92f133a",
            "ChampionID": "champ-9",
            "quantity": 3
        },
        {
            "puuid": "player-1002",
            "MatchID": "9877db3c-78fd-4324-9071-6703c92f133a",
            "ChampionID": "champ-5",
            "quantity": 1
        },
        {
            "puuid": "player-1002",
            "MatchID": "9877db3c-78fd-4324-9071-6703c92f133a",
            "ChampionID": "champ-19",
            "quantity": 2
        },
        {
            "puuid": "player-1002",
            "MatchID": "9de54304-b8aa-46f4-9a78-360f9842fb1e",
            "ChampionID": "champ-1",
            "quantity": 2
        },
        {
            "puuid": "player-1002",
            "MatchID": "9de54304-b8aa-46f4-9a78-360f9842fb1e",
            "ChampionID": "champ-13",
            "quantity": 2
        },
        {
            "puuid": "player-1002",
            "MatchID": "9de54304-b8aa-46f4-9a78-360f9842fb1e",
            "ChampionID": "champ-5",
            "quantity": 2
        },
        {
            "puuid": "player-1002",
            "MatchID": "9de54304-b8aa-46f4-9a78-360f9842fb1e",
            "ChampionID": "champ-14",
            "quantity": 1
        },
        {
            "puuid": "player-1002",
            "MatchID": "9de54304-b8aa-46f4-9a78-360f9842fb1e",
            "ChampionID": "champ-4",
            "quantity": 1
        },
        {
            "puuid": "player-1002",
            "MatchID": "14cd5a64-8c44-46d6-8779-3a7059e1b670",
            "ChampionID": "champ-12",
            "quantity": 2
        },
        {
            "puuid": "player-1002",
            "MatchID": "14cd5a64-8c44-46d6-8779-3a7059e1b670",
            "ChampionID": "champ-13",
            "quantity": 1
        },
        {
            "puuid": "player-1002",
            "MatchID": "14cd5a64-8c44-46d6-8779-3a7059e1b670",
            "ChampionID": "champ-18",
            "quantity": 3
        },
        {
            "puuid": "player-1002",
            "MatchID": "14cd5a64-8c44-46d6-8779-3a7059e1b670",
            "ChampionID": "champ-2",
            "quantity": 3
        },
        {
            "puuid": "player-1002",
            "MatchID": "14cd5a64-8c44-46d6-8779-3a7059e1b670",
            "ChampionID": "champ-17",
            "quantity": 3
        },
        {
            "puuid": "player-1002",
            "MatchID": "9fc67d89-4b86-4fde-b8ac-d4e078cb7c89",
            "ChampionID": "champ-14",
            "quantity": 1
        },
        {
            "puuid": "player-1002",
            "MatchID": "9fc67d89-4b86-4fde-b8ac-d4e078cb7c89",
            "ChampionID": "champ-5",
            "quantity": 3
        },
        {
            "puuid": "player-1002",
            "MatchID": "9fc67d89-4b86-4fde-b8ac-d4e078cb7c89",
            "ChampionID": "champ-17",
            "quantity": 3
        },
        {
            "puuid": "player-1002",
            "MatchID": "9fc67d89-4b86-4fde-b8ac-d4e078cb7c89",
            "ChampionID": "champ-2",
            "quantity": 2
        },
        {
            "puuid": "player-1002",
            "MatchID": "9fc67d89-4b86-4fde-b8ac-d4e078cb7c89",
            "ChampionID": "champ-15",
            "quantity": 2
        },
        {
            "puuid": "player-1002",
            "MatchID": "4a7d9eef-1437-402d-bd3b-cd33db1f0531",
            "ChampionID": "champ-3",
            "quantity": 3
        },
        {
            "puuid": "player-1002",
            "MatchID": "4a7d9eef-1437-402d-bd3b-cd33db1f0531",
            "ChampionID": "champ-10",
            "quantity": 2
        },
        {
            "puuid": "player-1002",
            "MatchID": "4a7d9eef-1437-402d-bd3b-cd33db1f0531",
            "ChampionID": "champ-6",
            "quantity": 3
        },
        {
            "puuid": "player-1002",
            "MatchID": "4a7d9eef-1437-402d-bd3b-cd33db1f0531",
            "ChampionID": "champ-4",
            "quantity": 3
        },
        {
            "puuid": "player-1002",
            "MatchID": "4a7d9eef-1437-402d-bd3b-cd33db1f0531",
            "ChampionID": "champ-14",
            "quantity": 2
        },
        {
            "puuid": "player-1003",
            "MatchID": "350fe71c-6756-4be7-b084-e590633bc6fd",
            "ChampionID": "champ-19",
            "quantity": 1
        },
        {
            "puuid": "player-1003",
            "MatchID": "350fe71c-6756-4be7-b084-e590633bc6fd",
            "ChampionID": "champ-14",
            "quantity": 2
        },
        {
            "puuid": "player-1003",
            "MatchID": "350fe71c-6756-4be7-b084-e590633bc6fd",
            "ChampionID": "champ-2",
            "quantity": 2
        },
        {
            "puuid": "player-1003",
            "MatchID": "350fe71c-6756-4be7-b084-e590633bc6fd",
            "ChampionID": "champ-1",
            "quantity": 2
        },
        {
            "puuid": "player-1003",
            "MatchID": "350fe71c-6756-4be7-b084-e590633bc6fd",
            "ChampionID": "champ-3",
            "quantity": 2
        },
        {
            "puuid": "player-1003",
            "MatchID": "020ba274-b0d0-481f-b074-5813d42f4ed4",
            "ChampionID": "champ-5",
            "quantity": 1
        },
        {
            "puuid": "player-1003",
            "MatchID": "020ba274-b0d0-481f-b074-5813d42f4ed4",
            "ChampionID": "champ-18",
            "quantity": 1
        },
        {
            "puuid": "player-1003",
            "MatchID": "020ba274-b0d0-481f-b074-5813d42f4ed4",
            "ChampionID": "champ-14",
            "quantity": 1
        },
        {
            "puuid": "player-1003",
            "MatchID": "020ba274-b0d0-481f-b074-5813d42f4ed4",
            "ChampionID": "champ-12",
            "quantity": 3
        },
        {
            "puuid": "player-1003",
            "MatchID": "020ba274-b0d0-481f-b074-5813d42f4ed4",
            "ChampionID": "champ-8",
            "quantity": 2
        },
        {
            "puuid": "player-1003",
            "MatchID": "29962f67-1116-41ba-8abd-8f25de93103f",
            "ChampionID": "champ-6",
            "quantity": 3
        },
        {
            "puuid": "player-1003",
            "MatchID": "29962f67-1116-41ba-8abd-8f25de93103f",
            "ChampionID": "champ-7",
            "quantity": 2
        },
        {
            "puuid": "player-1003",
            "MatchID": "29962f67-1116-41ba-8abd-8f25de93103f",
            "ChampionID": "champ-3",
            "quantity": 2
        },
        {
            "puuid": "player-1003",
            "MatchID": "29962f67-1116-41ba-8abd-8f25de93103f",
            "ChampionID": "champ-18",
            "quantity": 2
        },
        {
            "puuid": "player-1003",
            "MatchID": "29962f67-1116-41ba-8abd-8f25de93103f",
            "ChampionID": "champ-13",
            "quantity": 1
        },
        {
            "puuid": "player-1003",
            "MatchID": "92365506-f23d-4d39-a073-a94b5a5eb520",
            "ChampionID": "champ-20",
            "quantity": 3
        },
        {
            "puuid": "player-1003",
            "MatchID": "92365506-f23d-4d39-a073-a94b5a5eb520",
            "ChampionID": "champ-1",
            "quantity": 3
        },
        {
            "puuid": "player-1003",
            "MatchID": "92365506-f23d-4d39-a073-a94b5a5eb520",
            "ChampionID": "champ-7",
            "quantity": 2
        },
        {
            "puuid": "player-1003",
            "MatchID": "92365506-f23d-4d39-a073-a94b5a5eb520",
            "ChampionID": "champ-17",
            "quantity": 3
        },
        {
            "puuid": "player-1003",
            "MatchID": "92365506-f23d-4d39-a073-a94b5a5eb520",
            "ChampionID": "champ-19",
            "quantity": 3
        },
        {
            "puuid": "player-1003",
            "MatchID": "eb5f018c-8145-4706-b6af-5cefc94c90a5",
            "ChampionID": "champ-15",
            "quantity": 3
        },
        {
            "puuid": "player-1003",
            "MatchID": "eb5f018c-8145-4706-b6af-5cefc94c90a5",
            "ChampionID": "champ-9",
            "quantity": 2
        },
        {
            "puuid": "player-1003",
            "MatchID": "eb5f018c-8145-4706-b6af-5cefc94c90a5",
            "ChampionID": "champ-16",
            "quantity": 1
        },
        {
            "puuid": "player-1003",
            "MatchID": "eb5f018c-8145-4706-b6af-5cefc94c90a5",
            "ChampionID": "champ-14",
            "quantity": 1
        },
        {
            "puuid": "player-1003",
            "MatchID": "eb5f018c-8145-4706-b6af-5cefc94c90a5",
            "ChampionID": "champ-5",
            "quantity": 3
        },
        {
            "puuid": "player-1004",
            "MatchID": "0f473d0b-4644-4149-8cbd-adf91b1af041",
            "ChampionID": "champ-19",
            "quantity": 1
        },
        {
            "puuid": "player-1004",
            "MatchID": "0f473d0b-4644-4149-8cbd-adf91b1af041",
            "ChampionID": "champ-14",
            "quantity": 1
        },
        {
            "puuid": "player-1004",
            "MatchID": "0f473d0b-4644-4149-8cbd-adf91b1af041",
            "ChampionID": "champ-2",
            "quantity": 1
        },
        {
            "puuid": "player-1004",
            "MatchID": "0f473d0b-4644-4149-8cbd-adf91b1af041",
            "ChampionID": "champ-12",
            "quantity": 1
        },
        {
            "puuid": "player-1004",
            "MatchID": "0f473d0b-4644-4149-8cbd-adf91b1af041",
            "ChampionID": "champ-17",
            "quantity": 3
        },
        {
            "puuid": "player-1004",
            "MatchID": "fe6fe513-92d9-4e2a-91cb-b7ff1dd02393",
            "ChampionID": "champ-19",
            "quantity": 2
        },
        {
            "puuid": "player-1004",
            "MatchID": "fe6fe513-92d9-4e2a-91cb-b7ff1dd02393",
            "ChampionID": "champ-14",
            "quantity": 2
        },
        {
            "puuid": "player-1004",
            "MatchID": "fe6fe513-92d9-4e2a-91cb-b7ff1dd02393",
            "ChampionID": "champ-2",
            "quantity": 1
        },
        {
            "puuid": "player-1004",
            "MatchID": "fe6fe513-92d9-4e2a-91cb-b7ff1dd02393",
            "ChampionID": "champ-17",
            "quantity": 3
        },
        {
            "puuid": "player-1004",
            "MatchID": "fe6fe513-92d9-4e2a-91cb-b7ff1dd02393",
            "ChampionID": "champ-9",
            "quantity": 1
        },
        {
            "puuid": "player-1004",
            "MatchID": "7e5d81ec-25fb-4b93-9737-258d5187592c",
            "ChampionID": "champ-20",
            "quantity": 2
        },
        {
            "puuid": "player-1004",
            "MatchID": "7e5d81ec-25fb-4b93-9737-258d5187592c",
            "ChampionID": "champ-16",
            "quantity": 3
        },
        {
            "puuid": "player-1004",
            "MatchID": "7e5d81ec-25fb-4b93-9737-258d5187592c",
            "ChampionID": "champ-13",
            "quantity": 1
        },
        {
            "puuid": "player-1004",
            "MatchID": "7e5d81ec-25fb-4b93-9737-258d5187592c",
            "ChampionID": "champ-9",
            "quantity": 3
        },
        {
            "puuid": "player-1004",
            "MatchID": "7e5d81ec-25fb-4b93-9737-258d5187592c",
            "ChampionID": "champ-14",
            "quantity": 2
        },
        {
            "puuid": "player-1004",
            "MatchID": "766bac81-e9b9-44c9-ab79-9647ce8fa391",
            "ChampionID": "champ-8",
            "quantity": 2
        },
        {
            "puuid": "player-1004",
            "MatchID": "766bac81-e9b9-44c9-ab79-9647ce8fa391",
            "ChampionID": "champ-10",
            "quantity": 1
        },
        {
            "puuid": "player-1004",
            "MatchID": "766bac81-e9b9-44c9-ab79-9647ce8fa391",
            "ChampionID": "champ-3",
            "quantity": 2
        },
        {
            "puuid": "player-1004",
            "MatchID": "766bac81-e9b9-44c9-ab79-9647ce8fa391",
            "ChampionID": "champ-1",
            "quantity": 2
        },
        {
            "puuid": "player-1004",
            "MatchID": "766bac81-e9b9-44c9-ab79-9647ce8fa391",
            "ChampionID": "champ-15",
            "quantity": 1
        },
        {
            "puuid": "player-1004",
            "MatchID": "44ee4ace-3770-4a67-811a-cea45ead9c46",
            "ChampionID": "champ-12",
            "quantity": 3
        },
        {
            "puuid": "player-1004",
            "MatchID": "44ee4ace-3770-4a67-811a-cea45ead9c46",
            "ChampionID": "champ-8",
            "quantity": 1
        },
        {
            "puuid": "player-1004",
            "MatchID": "44ee4ace-3770-4a67-811a-cea45ead9c46",
            "ChampionID": "champ-17",
            "quantity": 3
        },
        {
            "puuid": "player-1004",
            "MatchID": "44ee4ace-3770-4a67-811a-cea45ead9c46",
            "ChampionID": "champ-10",
            "quantity": 3
        },
        {
            "puuid": "player-1004",
            "MatchID": "44ee4ace-3770-4a67-811a-cea45ead9c46",
            "ChampionID": "champ-2",
            "quantity": 3
        }
    ]
}